BloodPressureDrop,IncreasedHeartrate,DecreasedHeartrate,Fever,Swelling,AbnormalHeartRhythm,AllergicReaction,ProfuseBleeding,Hypotention,Shock,Infection1,CardiacArrest,OrganFailure,Shivering,DecreasedCoreBodytemp,ChangesinVitalSigns,LowBloodPressureduringSurgery,HighBloodPressureduringSurgery,VisibleBloodloss,LowOxigenSaturation,Bleeding,Infection,AnesthesiaRelatedcomplications,Organdamage,Hemorrhage,RespiratoryIssues,CardiovascularComplications,PostoperativeComplications,AnastomoticLeak
1,1,0,0,0,0,0,0,0,0,0,0,0,0,1,0,0,0,1,0,1,0,0,0,0,0,0,0,0
0,1,0,1,1,0,0,0,0,1,1,0,0,0,0,1,0,0,0,0,0,1,0,0,0,0,0,0,0
0,0,0,0,0,1,1,0,0,0,0,1,0,0,0,1,0,0,0,0,0,0,1,0,0,0,0,0,0
1,0,1,0,1,0,0,0,0,0,0,0,1,0,0,1,0,0,0,0,0,0,0,1,0,0,0,0,0
1,1,0,0,0,0,0,1,1,1,0,0,0,0,1,0,0,0,0,0,0,0,0,0,1,0,0,0,0
0,0,1,0,0,1,0,0,0,0,0,0,0,0,0,1,0,0,0,1,0,0,0,0,0,1,0,0,0
0,1,1,0,0,1,0,0,0,1,0,1,1,0,0,1,0,0,0,0,0,0,0,0,0,0,1,0,0
1,1,1,1,0,1,1,0,0,0,1,1,1,1,0,0,0,0,0,1,0,0,0,0,0,0,0,1,0
0,0,1,1,0,1,0,0,0,1,1,1,0,0,0,1,0,1,0,0,0,0,0,0,0,0,0,0,1
